"ID","Name_submitted","Overall_score","Name_matched_id","Name_matched","Name_score","Name_matched_rank","Author_submitted","Author_matched","Author_score","Canonical_author","Name_matched_accepted_family","Genus_submitted","Genus_matched","Genus_score","Specific_epithet_submitted","Specific_epithet_matched","Specific_epithet_score","Family_submitted","Family_matched","Family_score","Infraspecific_rank","Infraspecific_epithet_matched","Infraspecific_epithet_score","Infraspecific_rank_2","Infraspecific_epithet_2_matched","Infraspecific_epithet_2_score","Annotations","Unmatched_terms","Name_matched_url","Name_matched_lsid","Phonetic","Taxonomic_status","Accepted_name","Accepted_species","Accepted_name_author","Accepted_name_id","Accepted_name_rank","Accepted_name_url","Accepted_name_lsid","Accepted_family","Overall_score_order","Highertaxa_score_order","Source","Warnings","unique_id","Best_match_overall_score","Best_match_highertaxa"
"1","Pinus strobus L.","1","475365","Pinus strobus","1","species","L.","L.","1","L.","Pinaceae","Pinus","Pinus","1","strobus","strobus","1","","","","","","","","","","","","https://powo.science.kew.org/taxon/urn:lsid:ipni.org:names:197100-2","","Y","Accepted","Pinus strobus","Pinus strobus","L.","475365","species","https://powo.science.kew.org/taxon/urn:lsid:ipni.org:names:197100-2","","Pinaceae",1,"1","wcvp","","1",true,true
"2","Acer rubrum L.","1","508558","Acer rubrum","1","species","L.","L.","1","L.","Sapindaceae","Acer","Acer","1","rubrum","rubrum","1","","","","","","","","","","","","https://powo.science.kew.org/taxon/urn:lsid:ipni.org:names:1867-2","","Y","Accepted","Acer rubrum","Acer rubrum","L.","508558","species","https://powo.science.kew.org/taxon/urn:lsid:ipni.org:names:1867-2","","Sapindaceae",1,"1","wcvp","","2",true,true
"3","Trientalis borealis Raf. ssp. borealis","0.59957384396743","448672","Trientalis borealis","0.59957384396743","species","","","","Raf.","Primulaceae","Trientalis","Trientalis","1","borealis","borealis","1","","","","","","","","","","","ssp. borealis","https://powo.science.kew.org/taxon/urn:lsid:ipni.org:names:702922-1","","Y","Synonym","Lysimachia borealis","Lysimachia borealis","(Raf.) U.Manns & Anderb.","736286","species","https://powo.science.kew.org/taxon/urn:lsid:ipni.org:names:77100389-1","","Primulaceae",1,"1","wcvp","[Partial]","3",true,true
"4","Vaccinium pallidum Aiton","1","1034278","Vaccinium pallidum","1","species","Aiton","Aiton","1","Aiton","Ericaceae","Vaccinium","Vaccinium","1","pallidum","pallidum","1","","","","","","","","","","","","https://powo.science.kew.org/taxon/urn:lsid:ipni.org:names:317268-2","","Y","Accepted","Vaccinium pallidum","Vaccinium pallidum","Aiton","1034278","species","https://powo.science.kew.org/taxon/urn:lsid:ipni.org:names:317268-2","","Ericaceae",1,"1","wcvp","","4",true,true
"5","Quercus rubra L.","1","288011","Quercus rubra","1","species","L.","L.","1","L.","Fagaceae","Quercus","Quercus","1","rubra","rubra","1","","","","","","","","","","","","https://powo.science.kew.org/taxon/urn:lsid:ipni.org:names:296701-1","","Y","Accepted","Quercus rubra","Quercus rubra","L.","288011","species","https://powo.science.kew.org/taxon/urn:lsid:ipni.org:names:296701-1","","Fagaceae",1,"1","wcvp","","5",true,true
"6","Gaultheria procumbens L.","1","687813","Gaultheria procumbens","1","species","L.","L.","1","L.","Ericaceae","Gaultheria","Gaultheria","1","procumbens","procumbens","1","","","","","","","","","","","","https://powo.science.kew.org/taxon/urn:lsid:ipni.org:names:330655-1","","Y","Accepted","Gaultheria procumbens","Gaultheria procumbens","L.","687813","species","https://powo.science.kew.org/taxon/urn:lsid:ipni.org:names:330655-1","","Ericaceae",1,"1","wcvp","","6",true,true
"7","Medeola virginiana L.","1","687528","Medeola virginiana","1","species","L.","L.","1","L.","Liliaceae","Medeola","Medeola","1","virginiana","virginiana","1","","","","","","","","","","","","https://powo.science.kew.org/taxon/urn:lsid:ipni.org:names:328550-2","","Y","Accepted","Medeola virginiana","Medeola virginiana","L.","687528","species","https://powo.science.kew.org/taxon/urn:lsid:ipni.org:names:328550-2","","Liliaceae",1,"1","wcvp","","7",true,true
"8","Fraxinus americana L.","1","824011","Fraxinus americana","1","species","L.","L.","1","L.","Oleaceae","Fraxinus","Fraxinus","1","americana","americana","1","","","","","","","","","","","","https://powo.science.kew.org/taxon/urn:lsid:ipni.org:names:105770-2","","Y","Accepted","Fraxinus americana","Fraxinus americana","L.","824011","species","https://powo.science.kew.org/taxon/urn:lsid:ipni.org:names:105770-2","","Oleaceae",1,"1","wcvp","","8",true,true
"9","Amelanchier laevis Wiegand","1","999792","Amelanchier laevis","1","species","Wiegand","Wiegand","1","Wiegand","Rosaceae","Amelanchier","Amelanchier","1","laevis","laevis","1","","","","","","","","","","","","https://powo.science.kew.org/taxon/urn:lsid:ipni.org:names:721220-1","","Y","Accepted","Amelanchier laevis","Amelanchier laevis","Wiegand","999792","species","https://powo.science.kew.org/taxon/urn:lsid:ipni.org:names:721220-1","","Rosaceae",1,"1","wcvp","","9",true,true
"10","Hamamelis virginiana L.","1","1051842","Hamamelis virginiana","1","species","L.","L.","1","L.","Hamamelidaceae","Hamamelis","Hamamelis","1","virginiana","virginiana","1","","","","","","","","","","","","https://powo.science.kew.org/taxon/urn:lsid:ipni.org:names:430697-1","","Y","Accepted","Hamamelis virginiana","Hamamelis virginiana","L.","1051842","species","https://powo.science.kew.org/taxon/urn:lsid:ipni.org:names:430697-1","","Hamamelidaceae",1,"1","wcvp","","10",true,true
"11","Betula lenta L.","1","329014","Betula lenta","1","species","L.","L.","1","L.","Betulaceae","Betula","Betula","1","lenta","lenta","1","","","","","","","","","","","","https://powo.science.kew.org/taxon/urn:lsid:ipni.org:names:295125-1","","Y","Accepted","Betula lenta","Betula lenta","L.","329014","species","https://powo.science.kew.org/taxon/urn:lsid:ipni.org:names:295125-1","","Betulaceae",1,"1","wcvp","","11",true,true
"12","Rubus idaeus L.","1","991663","Rubus idaeus","1","species","L.","L.","1","L.","Rosaceae","Rubus","Rubus","1","idaeus","idaeus","1","","","","","","","","","","","","https://powo.science.kew.org/taxon/urn:lsid:ipni.org:names:298089-2","","Y","Accepted","Rubus idaeus","Rubus idaeus","L.","991663","species","https://powo.science.kew.org/taxon/urn:lsid:ipni.org:names:298089-2","","Rosaceae",1,"1","wcvp","","12",true,true
"13","Carex sp.","0.9","1396841","Carex","1","genus","","","","L.","Cyperaceae","Carex","Carex","1","","","","","","","","","","","","","","sp.","https://powo.science.kew.org/taxon/urn:lsid:ipni.org:names:330029-2","","Y","Accepted","Carex","","L.","1396841","genus","https://powo.science.kew.org/taxon/urn:lsid:ipni.org:names:330029-2","","Cyperaceae",1,"1","wcvp","","13",true,true
"14","Maianthemum canadense Desf.","1","683778","Maianthemum canadense","1","species","Desf.","Desf.","1","Desf.","Asparagaceae","Maianthemum","Maianthemum","1","canadense","canadense","1","","","","","","","","","","","","https://powo.science.kew.org/taxon/urn:lsid:ipni.org:names:538030-1","","Y","Accepted","Maianthemum canadense","Maianthemum canadense","Desf.","683778","species","https://powo.science.kew.org/taxon/urn:lsid:ipni.org:names:538030-1","","Asparagaceae",1,"1","wcvp","","14",true,true
"15","Dryopteris sp.","0.9","1400872","Dryopteris","1","genus","","","","Adans.","Polypodiaceae","Dryopteris","Dryopteris","1","","","","","","","","","","","","","","sp.","https://powo.science.kew.org/taxon/urn:lsid:ipni.org:names:326002-2","","Y","Accepted","Dryopteris","","Adans.","1400872","genus","https://powo.science.kew.org/taxon/urn:lsid:ipni.org:names:326002-2","","Polypodiaceae",1,"1","wcvp","","15",true,true
"16","Vitis labrusca L.","1","415532","Vitis labrusca","1","species","L.","L.","1","L.","Vitaceae","Vitis","Vitis","1","labrusca","labrusca","1","","","","","","","","","","","","https://powo.science.kew.org/taxon/urn:lsid:ipni.org:names:307691-2","","Y","Accepted","Vitis labrusca","Vitis labrusca","L.","415532","species","https://powo.science.kew.org/taxon/urn:lsid:ipni.org:names:307691-2","","Vitaceae",1,"1","wcvp","","16",true,true
"17","Dennstaedtia punctilobula (Michx.) T. Moore","1","1092749","Dennstaedtia punctilobula","1","species","(Michx.) T. Moore","(Michx.) T.Moore","1","(Michx.) T.Moore","Dennstaedtiaceae","Dennstaedtia","Dennstaedtia","1","punctilobula","punctilobula","1","","","","","","","","","","","","https://powo.science.kew.org/taxon/urn:lsid:ipni.org:names:30045598-2","","Y","Synonym","Sitobolium punctilobulum","Sitobolium punctilobulum","(Michx.) Desv.","1661385","species","https://powo.science.kew.org/taxon/urn:lsid:ipni.org:names:17222380-1","","Dennstaedtiaceae",1,"1","wcvp","","17",true,true
"18","Symphyotrichum lanceolatum (Willd.) G.L. Nesom","1","13052","Symphyotrichum lanceolatum","1","species","(Willd.) G.L. Nesom","(Willd.) G.L.Nesom","1","(Willd.) G.L.Nesom","Asteraceae","Symphyotrichum","Symphyotrichum","1","lanceolatum","lanceolatum","1","","","","","","","","","","","","https://powo.science.kew.org/taxon/urn:lsid:ipni.org:names:981841-1","","Y","Accepted","Symphyotrichum lanceolatum","Symphyotrichum lanceolatum","(Willd.) G.L.Nesom","13052","species","https://powo.science.kew.org/taxon/urn:lsid:ipni.org:names:981841-1","","Asteraceae",1,"1","wcvp","","18",true,true
"19","Celastrus orbiculatus Thunb.","1","585945","Celastrus orbiculatus","1","species","Thunb.","Thunb.","1","Thunb.","Celastraceae","Celastrus","Celastrus","1","orbiculatus","orbiculatus","1","","","","","","","","","","","","https://powo.science.kew.org/taxon/urn:lsid:ipni.org:names:927512-1","","Y","Accepted","Celastrus orbiculatus","Celastrus orbiculatus","Thunb.","585945","species","https://powo.science.kew.org/taxon/urn:lsid:ipni.org:names:927512-1","","Celastraceae",1,"1","wcvp","","19",true,true
"20","Oxalis stricta L.","1","381526","Oxalis stricta","1","species","L.","L.","1","L.","Oxalidaceae","Oxalis","Oxalis","1","stricta","stricta","1","","","","","","","","","","","","https://powo.science.kew.org/taxon/urn:lsid:ipni.org:names:178499-2","","Y","Accepted","Oxalis stricta","Oxalis stricta","L.","381526","species","https://powo.science.kew.org/taxon/urn:lsid:ipni.org:names:178499-2","","Oxalidaceae",1,"1","wcvp","","20",true,true
"21","Glyceria striata (Lam.) Hitchc.","1","865076","Glyceria striata","1","species","(Lam.) Hitchc.","(Lam.) Hitchc.","1","(Lam.) Hitchc.","Poaceae","Glyceria","Glyceria","1","striata","striata","1","","","","","","","","","","","","https://powo.science.kew.org/taxon/urn:lsid:ipni.org:names:111020-2","","Y","Accepted","Glyceria striata","Glyceria striata","(Lam.) Hitchc.","865076","species","https://powo.science.kew.org/taxon/urn:lsid:ipni.org:names:111020-2","","Poaceae",1,"1","wcvp","","21",true,true
"22","Acer saccharum Marshall","1","508618","Acer saccharum","1","species","Marshall","Marshall","1","Marshall","Sapindaceae","Acer","Acer","1","saccharum","saccharum","1","","","","","","","","","","","","https://powo.science.kew.org/taxon/urn:lsid:ipni.org:names:56795-1","","Y","Accepted","Acer saccharum","Acer saccharum","Marshall","508618","species","https://powo.science.kew.org/taxon/urn:lsid:ipni.org:names:56795-1","","Sapindaceae",1,"1","wcvp","","22",true,true
"23","Epipactis helleborine (L.) Crantz","1","943448","Epipactis helleborine","1","species","(L.) Crantz","(L.) Crantz","1","(L.) Crantz","Orchidaceae","Epipactis","Epipactis","1","helleborine","helleborine","1","","","","","","","","","","","","https://powo.science.kew.org/taxon/urn:lsid:ipni.org:names:633228-1","","Y","Accepted","Epipactis helleborine","Epipactis helleborine","(L.) Crantz","943448","species","https://powo.science.kew.org/taxon/urn:lsid:ipni.org:names:633228-1","","Orchidaceae",1,"1","wcvp","","23",true,true
"24","Rubus hispidus L.","1","997475","Rubus hispidus","1","species","L.","L.","1","L.","Rosaceae","Rubus","Rubus","1","hispidus","hispidus","1","","","","","","","","","","","","https://powo.science.kew.org/taxon/urn:lsid:ipni.org:names:737387-1","","Y","Accepted","Rubus hispidus","Rubus hispidus","L.","997475","species","https://powo.science.kew.org/taxon/urn:lsid:ipni.org:names:737387-1","","Rosaceae",1,"1","wcvp","","24",true,true
"25","Circaea alpina L. ssp. alpina","1","1778864","Circaea alpina subsp. alpina","1","subspecies","","","","","Onagraceae","Circaea","Circaea","1","alpina","alpina","1","","","","subsp.","alpina","1","","","","","","https://powo.science.kew.org/taxon/urn:lsid:ipni.org:names:50896139-1","","Y","Accepted","Circaea alpina subsp. alpina","Circaea alpina","","1778864","subspecies","https://powo.science.kew.org/taxon/urn:lsid:ipni.org:names:50896139-1","","Onagraceae",1,"1","wcvp","","25",true,true
"26","Hydrocotyle americana L.","1","718655","Hydrocotyle americana","1","species","L.","L.","1","L.","Araliaceae","Hydrocotyle","Hydrocotyle","1","americana","americana","1","","","","","","","","","","","","https://powo.science.kew.org/taxon/urn:lsid:ipni.org:names:843379-1","","Y","Accepted","Hydrocotyle americana","Hydrocotyle americana","L.","718655","species","https://powo.science.kew.org/taxon/urn:lsid:ipni.org:names:843379-1","","Araliaceae",1,"1","wcvp","","26",true,true
"27","Mitchella repens L.","1","239931","Mitchella repens","1","species","L.","L.","1","L.","Rubiaceae","Mitchella","Mitchella","1","repens","repens","1","","","","","","","","","","","","https://powo.science.kew.org/taxon/urn:lsid:ipni.org:names:280970-2","","Y","Accepted","Mitchella repens","Mitchella repens","L.","239931","species","https://powo.science.kew.org/taxon/urn:lsid:ipni.org:names:280970-2","","Rubiaceae",1,"1","wcvp","","27",true,true
"28","Onoclea sensibilis L.","1","1094665","Onoclea sensibilis","1","species","L.","L.","1","L.","Aspleniaceae","Onoclea","Onoclea","1","sensibilis","sensibilis","1","","","","","","","","","","","","https://powo.science.kew.org/taxon/urn:lsid:ipni.org:names:281589-2","","Y","Accepted","Onoclea sensibilis","Onoclea sensibilis","L.","1094665","species","https://powo.science.kew.org/taxon/urn:lsid:ipni.org:names:281589-2","","Aspleniaceae",1,"1","wcvp","","28",true,true
"29","Arisaema triphyllum (L.) Schott ssp. triphyllum","0.59957384396743","269721","Arisaema triphyllum","0.59957384396743","species","","","","(L.) Schott","Araceae","Arisaema","Arisaema","1","triphyllum","triphyllum","1","","","","","","","","","","","ssp. triphyllum","https://powo.science.kew.org/taxon/urn:lsid:ipni.org:names:1107169-2","","Y","Accepted","Arisaema triphyllum","Arisaema triphyllum","(L.) Schott","269721","species","https://powo.science.kew.org/taxon/urn:lsid:ipni.org:names:1107169-2","","Araceae",1,"1","wcvp","[Partial]","29",true,true
"30","Elymus virginicus L.","1","858576","Elymus virginicus","1","species","L.","L.","1","L.","Poaceae","Elymus","Elymus","1","virginicus","virginicus","1","","","","","","","","","","","","https://powo.science.kew.org/taxon/urn:lsid:ipni.org:names:90367-2","","Y","Accepted","Elymus virginicus","Elymus virginicus","L.","858576","species","https://powo.science.kew.org/taxon/urn:lsid:ipni.org:names:90367-2","","Poaceae",1,"1","wcvp","","30",true,true
"31","Carex intumescens Rudge","1","342658","Carex intumescens","1","species","Rudge","Rudge","1","Rudge","Cyperaceae","Carex","Carex","1","intumescens","intumescens","1","","","","","","","","","","","","https://powo.science.kew.org/taxon/urn:lsid:ipni.org:names:300338-1","","Y","Accepted","Carex intumescens","Carex intumescens","Rudge","342658","species","https://powo.science.kew.org/taxon/urn:lsid:ipni.org:names:300338-1","","Cyperaceae",1,"1","wcvp","","31",true,true
"32","Rubus flagellaris Willd.","1","997430","Rubus flagellaris","1","species","Willd.","Willd.","1","Willd.","Rosaceae","Rubus","Rubus","1","flagellaris","flagellaris","1","","","","","","","","","","","","https://powo.science.kew.org/taxon/urn:lsid:ipni.org:names:30083253-2","","Y","Accepted","Rubus flagellaris","Rubus flagellaris","Willd.","997430","species","https://powo.science.kew.org/taxon/urn:lsid:ipni.org:names:30083253-2","","Rosaceae",1,"1","wcvp","","32",true,true
"33","Thelypteris noveboracensis (L.) Nieuwl.","1","1742778","Thelypteris noveboracensis","1","species","(L.) Nieuwl.","(L.) Nieuwl.","1","(L.) Nieuwl.","Aspleniaceae","Thelypteris","Thelypteris","1","noveboracensis","noveboracensis","1","","","","","","","","","","","","https://powo.science.kew.org/taxon/urn:lsid:ipni.org:names:252205-2","","Y","Accepted","Thelypteris noveboracensis","Thelypteris noveboracensis","(L.) Nieuwl.","1742778","species","https://powo.science.kew.org/taxon/urn:lsid:ipni.org:names:252205-2","","Aspleniaceae",1,"1","wcvp","","33",true,true
"34","Lysimachia ciliata L.","1","436929","Lysimachia ciliata","1","species","L.","L.","1","L.","Primulaceae","Lysimachia","Lysimachia","1","ciliata","ciliata","1","","","","","","","","","","","","https://powo.science.kew.org/taxon/urn:lsid:ipni.org:names:148117-2","","Y","Accepted","Lysimachia ciliata","Lysimachia ciliata","L.","436929","species","https://powo.science.kew.org/taxon/urn:lsid:ipni.org:names:148117-2","","Primulaceae",1,"1","wcvp","","34",true,true
"35","Parthenocissus quinquefolia (L.) Planch.","1","1622678","Parthenocissus quinquefolia","1","species","(L.) Planch.","(L.) Planch.","1","(L.) Planch.","Vitaceae","Parthenocissus","Parthenocissus","1","quinquefolia","quinquefolia","1","","","","","","","","","","","","https://powo.science.kew.org/taxon/urn:lsid:ipni.org:names:184091-2","","Y","Accepted","Parthenocissus quinquefolia","Parthenocissus quinquefolia","(L.) Planch.","1622678","species","https://powo.science.kew.org/taxon/urn:lsid:ipni.org:names:184091-2","","Vitaceae",1,"1","wcvp","","35",true,true
"36","Athyrium filix-femina (L.) Roth ssp. angustum (Willd.) R.T. Clausen","0.9936528279316","1094946","Athyrium filix-femina subsp. angustum","0.9920660349145","subspecies","(Willd.) R.T. Clausen","(Willd.) R.T.Clausen","1","(Willd.) R.T.Clausen","Aspleniaceae","Athyrium","Athyrium","1","filix-femina","filix-femina","0.91666666666667","","","","subsp.","angustum","1","","","","","","https://powo.science.kew.org/taxon/urn:lsid:ipni.org:names:26131-2","","Y","Synonym","Athyrium angustum","Athyrium angustum","(Willd.) C.Presl","1095874","species","https://powo.science.kew.org/taxon/urn:lsid:ipni.org:names:26101-2","","Aspleniaceae",1,"1","wcvp","","36",true,true
"37","Acer nigrum Michx. f.","0.98788","508275","Acer nigrum","1","species","Michx. f.","F.Michx.","0.9394","F.Michx.","Sapindaceae","Acer","Acer","1","nigrum","nigrum","1","","","","","","","","","","","","https://powo.science.kew.org/taxon/urn:lsid:ipni.org:names:781415-1","","Y","Synonym","Acer saccharum subsp. nigrum","Acer saccharum","(F.Michx.) Desmarais","508642","subspecies","https://powo.science.kew.org/taxon/urn:lsid:ipni.org:names:1929-2","","Sapindaceae",1,"1","wcvp","","37",true,true
"38","Rubus pubescens Raf.","1","997680","Rubus pubescens","1","species","Raf.","Raf.","1","Raf.","Rosaceae","Rubus","Rubus","1","pubescens","pubescens","1","","","","","","","","","","","","https://powo.science.kew.org/taxon/urn:lsid:ipni.org:names:284431-2","","Y","Accepted","Rubus pubescens","Rubus pubescens","Raf.","997680","species","https://powo.science.kew.org/taxon/urn:lsid:ipni.org:names:284431-2","","Rosaceae",1,"1","wcvp","","38",true,true
"39","Pyrola elliptica Nutt.","1","390707","Pyrola elliptica","1","species","Nutt.","Nutt.","1","Nutt.","Ericaceae","Pyrola","Pyrola","1","elliptica","elliptica","1","","","","","","","","","","","","https://powo.science.kew.org/taxon/urn:lsid:ipni.org:names:331810-1","","Y","Accepted","Pyrola elliptica","Pyrola elliptica","Nutt.","390707","species","https://powo.science.kew.org/taxon/urn:lsid:ipni.org:names:331810-1","","Ericaceae",1,"1","wcvp","","39",true,true
"40","Geranium maculatum L.","1","693227","Geranium maculatum","1","species","L.","L.","1","L.","Geraniaceae","Geranium","Geranium","1","maculatum","maculatum","1","","","","","","","","","","","","https://powo.science.kew.org/taxon/urn:lsid:ipni.org:names:322491-2","","Y","Accepted","Geranium maculatum","Geranium maculatum","L.","693227","species","https://powo.science.kew.org/taxon/urn:lsid:ipni.org:names:322491-2","","Geraniaceae",1,"1","wcvp","","40",true,true
"41","Brachyelytrum erectum (Schreb. ex Spreng.) P. Beauv.","0.95488","846053","Brachyelytrum erectum","1","species","(Schreb. ex Spreng.) P. Beauv.","(Schreb.) P.Beauv.","0.7744","(Schreb.) P.Beauv.","Poaceae","Brachyelytrum","Brachyelytrum","1","erectum","erectum","1","","","","","","","","","","","","https://powo.science.kew.org/taxon/urn:lsid:ipni.org:names:1055019-2","","Y","Accepted","Brachyelytrum erectum","Brachyelytrum erectum","(Schreb.) P.Beauv.","846053","species","https://powo.science.kew.org/taxon/urn:lsid:ipni.org:names:1055019-2","","Poaceae",1,"1","wcvp","","41",true,true
"42","Lycopus uniflorus Michx.","1","226643","Lycopus uniflorus","1","species","Michx.","Michx.","1","Michx.","Lamiaceae","Lycopus","Lycopus","1","uniflorus","uniflorus","1","","","","","","","","","","","","https://powo.science.kew.org/taxon/urn:lsid:ipni.org:names:449690-1","","Y","Accepted","Lycopus uniflorus","Lycopus uniflorus","Michx.","226643","species","https://powo.science.kew.org/taxon/urn:lsid:ipni.org:names:449690-1","","Lamiaceae",1,"1","wcvp","","42",true,true
"43","Galium asprellum Michx.","1","959753","Galium asprellum","1","species","Michx.","Michx.","1","Michx.","Rubiaceae","Galium","Galium","1","asprellum","asprellum","1","","","","","","","","","","","","https://powo.science.kew.org/taxon/urn:lsid:ipni.org:names:749561-1","","Y","Accepted","Galium asprellum","Galium asprellum","Michx.","959753","species","https://powo.science.kew.org/taxon/urn:lsid:ipni.org:names:749561-1","","Rubiaceae",1,"1","wcvp","","43",true,true
"44","Thelypteris simulata (Davenport) Nieuwl.","0.96562","1684794","Thelypteris simulata","1","species","(Davenport) Nieuwl.","(Davenp.) Nieuwl.","0.8281","(Davenp.) Nieuwl.","Aspleniaceae","Thelypteris","Thelypteris","1","simulata","simulata","1","","","","","","","","","","","","https://powo.science.kew.org/taxon/urn:lsid:ipni.org:names:252343-2","","Y","Accepted","Thelypteris simulata","Thelypteris simulata","(Davenp.) Nieuwl.","1684794","species","https://powo.science.kew.org/taxon/urn:lsid:ipni.org:names:252343-2","","Aspleniaceae",1,"1","wcvp","","44",true,true
"45","Impatiens capensis Meerb.","1","722621","Impatiens capensis","1","species","Meerb.","Meerb.","1","Meerb.","Balsaminaceae","Impatiens","Impatiens","1","capensis","capensis","1","","","","","","","","","","","","https://powo.science.kew.org/taxon/urn:lsid:ipni.org:names:30008241-2","","Y","Accepted","Impatiens capensis","Impatiens capensis","Meerb.","722621","species","https://powo.science.kew.org/taxon/urn:lsid:ipni.org:names:30008241-2","","Balsaminaceae",1,"1","wcvp","","45",true,true
"46","Poa pratensis L.","1","885096","Poa pratensis","1","species","L.","L.","1","L.","Poaceae","Poa","Poa","1","pratensis","pratensis","1","","","","","","","","","","","","https://powo.science.kew.org/taxon/urn:lsid:ipni.org:names:417792-1","","Y","Accepted","Poa pratensis","Poa pratensis","L.","885096","species","https://powo.science.kew.org/taxon/urn:lsid:ipni.org:names:417792-1","","Poaceae",1,"1","wcvp","","46",true,true
"47","Symphyotrichum cordifolium (L.) G.L. Nesom","1","127661","Symphyotrichum cordifolium","1","species","(L.) G.L. Nesom","(L.) G.L.Nesom","1","(L.) G.L.Nesom","Asteraceae","Symphyotrichum","Symphyotrichum","1","cordifolium","cordifolium","1","","","","","","","","","","","","https://powo.science.kew.org/taxon/urn:lsid:ipni.org:names:981790-1","","Y","Accepted","Symphyotrichum cordifolium","Symphyotrichum cordifolium","(L.) G.L.Nesom","127661","species","https://powo.science.kew.org/taxon/urn:lsid:ipni.org:names:981790-1","","Asteraceae",1,"1","wcvp","","47",true,true
"48","Toxicodendron radicans (L.) Kuntze","1","1036491","Toxicodendron radicans","1","species","(L.) Kuntze","(L.) Kuntze","1","(L.) Kuntze","Anacardiaceae","Toxicodendron","Toxicodendron","1","radicans","radicans","1","","","","","","","","","","","","https://powo.science.kew.org/taxon/urn:lsid:ipni.org:names:255769-2","","Y","Accepted","Toxicodendron radicans","Toxicodendron radicans","(L.) Kuntze","1036491","species","https://powo.science.kew.org/taxon/urn:lsid:ipni.org:names:255769-2","","Anacardiaceae",1,"1","wcvp","","48",true,true
"49","Ilex verticillata (L.) A. Gray","1","1064700","Ilex verticillata","1","species","(L.) A. Gray","(L.) A.Gray","1","(L.) A.Gray","Aquifoliaceae","Ilex","Ilex","1","verticillata","verticillata","1","","","","","","","","","","","","https://powo.science.kew.org/taxon/urn:lsid:ipni.org:names:83852-1","","Y","Accepted","Ilex verticillata","Ilex verticillata","(L.) A.Gray","1064700","species","https://powo.science.kew.org/taxon/urn:lsid:ipni.org:names:83852-1","","Aquifoliaceae",1,"1","wcvp","","49",true,true
"50","Dryopteris marginalis (L.) A. Gray","1","1092775","Dryopteris marginalis","1","species","(L.) A. Gray","(L.) A.Gray","1","(L.) A.Gray","Polypodiaceae","Dryopteris","Dryopteris","1","marginalis","marginalis","1","","","","","","","","","","","","https://powo.science.kew.org/taxon/urn:lsid:ipni.org:names:30064660-2","","Y","Accepted","Dryopteris marginalis","Dryopteris marginalis","(L.) A.Gray","1092775","species","https://powo.science.kew.org/taxon/urn:lsid:ipni.org:names:30064660-2","","Polypodiaceae",1,"1","wcvp","","50",true,true
"51","Osmunda cinnamomea L. var. cinnamomea","0.59957384396743","1094527","Osmunda cinnamomea","0.59957384396743","species","","","","L.","Osmundaceae","Osmunda","Osmunda","1","cinnamomea","cinnamomea","1","","","","","","","","","","","var. cinnamomea","https://powo.science.kew.org/taxon/urn:lsid:ipni.org:names:281798-2","","Y","Synonym","Osmundastrum cinnamomeum","Osmundastrum cinnamomeum","(L.) C.Presl","1098738","species","https://powo.science.kew.org/taxon/urn:lsid:ipni.org:names:60447721-2","","Osmundaceae",1,"1","wcvp","[Partial]","51",true,true
"52","Tsuga canadensis (L.) Carriere","0.97596","450324","Tsuga canadensis","1","species","(L.) Carriere","(L.) Carrière","0.8798","(L.) Carrière","Pinaceae","Tsuga","Tsuga","1","canadensis","canadensis","1","","","","","","","","","","","","https://powo.science.kew.org/taxon/urn:lsid:ipni.org:names:264005-1","","Y","Accepted","Tsuga canadensis","Tsuga canadensis","(L.) Carrière","450324","species","https://powo.science.kew.org/taxon/urn:lsid:ipni.org:names:264005-1","","Pinaceae",1,"1","wcvp","","52",true,true
"53","Vaccinium angustifolium Aiton","1","417184","Vaccinium angustifolium","1","species","Aiton","Aiton","1","Aiton","Ericaceae","Vaccinium","Vaccinium","1","angustifolium","angustifolium","1","","","","","","","","","","","","https://powo.science.kew.org/taxon/urn:lsid:ipni.org:names:858831-1","","Y","Accepted","Vaccinium angustifolium","Vaccinium angustifolium","Aiton","417184","species","https://powo.science.kew.org/taxon/urn:lsid:ipni.org:names:858831-1","","Ericaceae",1,"1","wcvp","","53",true,true
"54","Eurybia divaricata (L.) G.L. Nesom","1","60199","Eurybia divaricata","1","species","(L.) G.L. Nesom","(L.) G.L.Nesom","1","(L.) G.L.Nesom","Asteraceae","Eurybia","Eurybia","1","divaricata","divaricata","1","","","","","","","","","","","","https://powo.science.kew.org/taxon/urn:lsid:ipni.org:names:981726-1","","Y","Accepted","Eurybia divaricata","Eurybia divaricata","(L.) G.L.Nesom","60199","species","https://powo.science.kew.org/taxon/urn:lsid:ipni.org:names:981726-1","","Asteraceae",1,"1","wcvp","","54",true,true
"55","Prunus serotina Ehrh. var. serotina","1","1004172","Prunus serotina var. serotina","1","variety","","","","","Rosaceae","Prunus","Prunus","1","serotina","serotina","1","","","","var.","serotina","1","","","","","","https://powo.science.kew.org/taxon/urn:lsid:ipni.org:names:77231053-1","","Y","Accepted","Prunus serotina var. serotina","Prunus serotina","","1004172","variety","https://powo.science.kew.org/taxon/urn:lsid:ipni.org:names:77231053-1","","Rosaceae",1,"1","wcvp","","55",true,true
"56","Brachyelytrum aristosum (Michx.) Trel.","0.91846","846051","Brachyelytrum aristosum","1","species","(Michx.) Trel.","(Michx.) Trel., Branner & Coville","0.5923","(Michx.) Trel., Branner & Coville","Poaceae","Brachyelytrum","Brachyelytrum","1","aristosum","aristosum","1","","","","","","","","","","","","https://powo.science.kew.org/taxon/urn:lsid:ipni.org:names:35906-2","","Y","Accepted","Brachyelytrum aristosum","Brachyelytrum aristosum","(Michx.) Trel., Branner & Coville","846051","species","https://powo.science.kew.org/taxon/urn:lsid:ipni.org:names:35906-2","","Poaceae",1,"1","wcvp","","56",true,true
"57","Acer saccharum Marshall var. saccharum","0.96021221090168","1064858","Acer saccharum subsp. saccharum","0.96021221090168","subspecies","","","","","Sapindaceae","Acer","Acer","1","saccharum","saccharum","1","","","","subsp.","saccharum","0.7","","","","","","https://powo.science.kew.org/taxon/urn:lsid:ipni.org:names:77227117-1","","Y","Accepted","Acer saccharum subsp. saccharum","Acer saccharum","","1064858","subspecies","https://powo.science.kew.org/taxon/urn:lsid:ipni.org:names:77227117-1","","Sapindaceae",1,"1","wcvp","","57",true,true
"58","Betula alleghaniensis Britton","1","325834","Betula alleghaniensis","1","species","Britton","Britton","1","Britton","Betulaceae","Betula","Betula","1","alleghaniensis","alleghaniensis","1","","","","","","","","","","","","https://powo.science.kew.org/taxon/urn:lsid:ipni.org:names:32106-2","","Y","Accepted","Betula alleghaniensis","Betula alleghaniensis","Britton","325834","species","https://powo.science.kew.org/taxon/urn:lsid:ipni.org:names:32106-2","","Betulaceae",1,"1","wcvp","","58",true,true
"59","Anemone quinquefolia L. var. quinquefolia","0.59957384396743","529184","Anemone quinquefolia","0.59957384396743","species","","","","L.","Ranunculaceae","Anemone","Anemone","1","quinquefolia","quinquefolia","1","","","","","","","","","","","var. quinquefolia","https://powo.science.kew.org/taxon/urn:lsid:ipni.org:names:13497-2","","Y","Synonym","Anemonoides quinquefolia","Anemonoides quinquefolia","(L.) Holub","529473","species","https://powo.science.kew.org/taxon/urn:lsid:ipni.org:names:13540-2","","Ranunculaceae",1,"1","wcvp","[Partial]","59",true,true
"60","Aralia nudicaulis L.","1","253544","Aralia nudicaulis","1","species","L.","L.","1","L.","Araliaceae","Aralia","Aralia","1","nudicaulis","nudicaulis","1","","","","","","","","","","","","https://powo.science.kew.org/taxon/urn:lsid:ipni.org:names:89729-1","","Y","Accepted","Aralia nudicaulis","Aralia nudicaulis","L.","253544","species","https://powo.science.kew.org/taxon/urn:lsid:ipni.org:names:89729-1","","Araliaceae",1,"1","wcvp","","60",true,true
"61","Osmunda claytoniana L.","1","1094528","Osmunda claytoniana","1","species","L.","L.","1","L.","Osmundaceae","Osmunda","Osmunda","1","claytoniana","claytoniana","1","","","","","","","","","","","","https://powo.science.kew.org/taxon/urn:lsid:ipni.org:names:281799-2","","Y","Accepted","Osmunda claytoniana","Osmunda claytoniana","L.","1094528","species","https://powo.science.kew.org/taxon/urn:lsid:ipni.org:names:281799-2","","Osmundaceae",1,"1","wcvp","","61",true,true
"62","Viburnum nudum L. var. cassinoides (L.) Torr. & A. Gray","1","1345511","Viburnum nudum var. cassinoides","1","variety","(L.) Torr. & A. Gray","(L.) Torr. & A.Gray","1","(L.) Torr. & A.Gray","Viburnaceae","Viburnum","Viburnum","1","nudum","nudum","1","","","","var.","cassinoides","1","","","","","","https://powo.science.kew.org/taxon/urn:lsid:ipni.org:names:264930-2","","Y","Synonym","Viburnum cassinoides","Viburnum cassinoides","L.","1273301","species","https://powo.science.kew.org/taxon/urn:lsid:ipni.org:names:264854-2","","Viburnaceae",1,"1","wcvp","","62",true,true
"63","Betula sp.","0.9","1395441","Betula","1","genus","","","","L.","Betulaceae","Betula","Betula","1","","","","","","","","","","","","","","sp.","https://powo.science.kew.org/taxon/urn:lsid:ipni.org:names:328387-2","","Y","Accepted","Betula","","L.","1395441","genus","https://powo.science.kew.org/taxon/urn:lsid:ipni.org:names:328387-2","","Betulaceae",1,"1","wcvp","","63",true,true
"64","Thelypteris palustris Schott var. pubescens (G. Lawson) Fernald","1","1616994","Thelypteris palustris var. pubescens","1","variety","(G. Lawson) Fernald","(G.Lawson) Fernald","1","(G.Lawson) Fernald","Aspleniaceae","Thelypteris","Thelypteris","1","palustris","palustris","1","","","","var.","pubescens","1","","","","","","https://powo.science.kew.org/taxon/urn:lsid:ipni.org:names:252232-2","","Y","Synonym","Thelypteris palustris subsp. pubescens","Thelypteris palustris","(G.Lawson) Fraser-Jenk.","1326444","subspecies","https://powo.science.kew.org/taxon/urn:lsid:ipni.org:names:17570400-1","","Aspleniaceae",1,"1","wcvp","","64",true,true
"65","Clematis virginiana L.","1","603915","Clematis virginiana","1","species","L.","L.","1","L.","Ranunculaceae","Clematis","Clematis","1","virginiana","virginiana","1","","","","","","","","","","","","https://powo.science.kew.org/taxon/urn:lsid:ipni.org:names:710188-1","","Y","Accepted","Clematis virginiana","Clematis virginiana","L.","603915","species","https://powo.science.kew.org/taxon/urn:lsid:ipni.org:names:710188-1","","Ranunculaceae",1,"1","wcvp","","65",true,true
"66","Polystichum acrostichoides (Michx.) Schott var. acrostichoides","1","1699688","Polystichum acrostichoides var. acrostichoides","1","variety","","","","","Polypodiaceae","Polystichum","Polystichum","1","acrostichoides","acrostichoides","1","","","","var.","acrostichoides","1","","","","","","https://powo.science.kew.org/taxon/urn:lsid:ipni.org:names:77233224-1","","Y","Accepted","Polystichum acrostichoides var. acrostichoides","Polystichum acrostichoides","","1699688","variety","https://powo.science.kew.org/taxon/urn:lsid:ipni.org:names:77233224-1","","Polypodiaceae",1,"1","wcvp","","66",true,true
"67","Dryopteris carthusiana (Vill.) H.P. Fuchs","1","1092767","Dryopteris carthusiana","1","species","(Vill.) H.P. Fuchs","(Vill.) H.P.Fuchs","1","(Vill.) H.P.Fuchs","Polypodiaceae","Dryopteris","Dryopteris","1","carthusiana","carthusiana","1","","","","","","","","","","","","https://powo.science.kew.org/taxon/urn:lsid:ipni.org:names:17390210-1","","Y","Accepted","Dryopteris carthusiana","Dryopteris carthusiana","(Vill.) H.P.Fuchs","1092767","species","https://powo.science.kew.org/taxon/urn:lsid:ipni.org:names:17390210-1","","Polypodiaceae",1,"1","wcvp","","67",true,true
"68","Galium triflorum Michx.","1","961836","Galium triflorum","1","species","Michx.","Michx.","1","Michx.","Rubiaceae","Galium","Galium","1","triflorum","triflorum","1","","","","","","","","","","","","https://powo.science.kew.org/taxon/urn:lsid:ipni.org:names:750771-1","","Y","Accepted","Galium triflorum","Galium triflorum","Michx.","961836","species","https://powo.science.kew.org/taxon/urn:lsid:ipni.org:names:750771-1","","Rubiaceae",1,"1","wcvp","","68",true,true
"69","Carex blanda Dewey","1","339856","Carex blanda","1","species","Dewey","Dewey","1","Dewey","Cyperaceae","Carex","Carex","1","blanda","blanda","1","","","","","","","","","","","","https://powo.science.kew.org/taxon/urn:lsid:ipni.org:names:298848-1","","Y","Accepted","Carex blanda","Carex blanda","Dewey","339856","species","https://powo.science.kew.org/taxon/urn:lsid:ipni.org:names:298848-1","","Cyperaceae",1,"1","wcvp","","69",true,true
"70","Coptis trifolia (L.) Salisb.","1","1618050","Coptis trifolia","1","species","(L.) Salisb.","(L.) Salisb.","1","(L.) Salisb.","Ranunculaceae","Coptis","Coptis","1","trifolia","trifolia","1","","","","","","","","","","","","https://powo.science.kew.org/taxon/urn:lsid:ipni.org:names:710328-1","","Y","Accepted","Coptis trifolia","Coptis trifolia","(L.) Salisb.","1618050","species","https://powo.science.kew.org/taxon/urn:lsid:ipni.org:names:710328-1","","Ranunculaceae",1,"1","wcvp","","70",true,true
"71","Nyssa sylvatica Marshall","1","247731","Nyssa sylvatica","1","species","Marshall","Marshall","1","Marshall","Nyssaceae","Nyssa","Nyssa","1","sylvatica","sylvatica","1","","","","","","","","","","","","https://powo.science.kew.org/taxon/urn:lsid:ipni.org:names:271953-1","","Y","Accepted","Nyssa sylvatica","Nyssa sylvatica","Marshall","247731","species","https://powo.science.kew.org/taxon/urn:lsid:ipni.org:names:271953-1","","Nyssaceae",1,"1","wcvp","","71",true,true
"72","Tiarella cordifolia L.","1","453245","Tiarella cordifolia","1","species","L.","L.","1","L.","Saxifragaceae","Tiarella","Tiarella","1","cordifolia","cordifolia","1","","","","","","","","","","","","https://powo.science.kew.org/taxon/urn:lsid:ipni.org:names:30175905-2","","Y","Accepted","Tiarella cordifolia","Tiarella cordifolia","L.","453245","species","https://powo.science.kew.org/taxon/urn:lsid:ipni.org:names:30175905-2","","Saxifragaceae",1,"1","wcvp","","72",true,true
"73","Viola sp.","0.9","1419672","Viola","1","genus","","","","L.","Violaceae","Viola","Viola","1","","","","","","","","","","","","","","sp.","https://powo.science.kew.org/taxon/urn:lsid:ipni.org:names:30000540-2","","Y","Accepted","Viola","","L.","1419672","genus","https://powo.science.kew.org/taxon/urn:lsid:ipni.org:names:30000540-2","","Violaceae",1,"1","wcvp","","73",true,true
"74","Carex leptalea Wahlenb.","1","343183","Carex leptalea","1","species","Wahlenb.","Wahlenb.","1","Wahlenb.","Cyperaceae","Carex","Carex","1","leptalea","leptalea","1","","","","","","","","","","","","https://powo.science.kew.org/taxon/urn:lsid:ipni.org:names:300629-1","","Y","Accepted","Carex leptalea","Carex leptalea","Wahlenb.","343183","species","https://powo.science.kew.org/taxon/urn:lsid:ipni.org:names:300629-1","","Cyperaceae",1,"1","wcvp","","74",true,true
"75","Fagus grandifolia Ehrh.","1","957813","Fagus grandifolia","1","species","Ehrh.","Ehrh.","1","Ehrh.","Fagaceae","Fagus","Fagus","1","grandifolia","grandifolia","1","","","","","","","","","","","","https://powo.science.kew.org/taxon/urn:lsid:ipni.org:names:295597-1","","Y","Accepted","Fagus grandifolia","Fagus grandifolia","Ehrh.","957813","species","https://powo.science.kew.org/taxon/urn:lsid:ipni.org:names:295597-1","","Fagaceae",1,"1","wcvp","","75",true,true
"76","Poa palustris L.","1","884913","Poa palustris","1","species","L.","L.","1","L.","Poaceae","Poa","Poa","1","palustris","palustris","1","","","","","","","","","","","","https://powo.science.kew.org/taxon/urn:lsid:ipni.org:names:204398-2","","Y","Accepted","Poa palustris","Poa palustris","L.","884913","species","https://powo.science.kew.org/taxon/urn:lsid:ipni.org:names:204398-2","","Poaceae",1,"1","wcvp","","76",true,true
"77","Carex lacustris Willd.","1","342925","Carex lacustris","1","species","Willd.","Willd.","1","Willd.","Cyperaceae","Carex","Carex","1","lacustris","lacustris","1","","","","","","","","","","","","https://powo.science.kew.org/taxon/urn:lsid:ipni.org:names:46439-2","","Y","Accepted","Carex lacustris","Carex lacustris","Willd.","342925","species","https://powo.science.kew.org/taxon/urn:lsid:ipni.org:names:46439-2","","Cyperaceae",1,"1","wcvp","","77",true,true
"78","Vaccinium corymbosum L.","1","417170","Vaccinium corymbosum","1","species","L.","L.","1","L.","Ericaceae","Vaccinium","Vaccinium","1","corymbosum","corymbosum","1","","","","","","","","","","","","https://powo.science.kew.org/taxon/urn:lsid:ipni.org:names:261823-2","","Y","Accepted","Vaccinium corymbosum","Vaccinium corymbosum","L.","417170","species","https://powo.science.kew.org/taxon/urn:lsid:ipni.org:names:261823-2","","Ericaceae",1,"1","wcvp","","78",true,true
"79","Galium tinctorium (L.) Scop.","1","1630753","Galium tinctorium","1","species","(L.) Scop.","(L.) Scop.","1","(L.) Scop.","Rubiaceae","Galium","Galium","1","tinctorium","tinctorium","1","","","","","","","","","","","","https://powo.science.kew.org/taxon/urn:lsid:ipni.org:names:750742-1","","Y","Illegitimate","Asperula tinctoria","Asperula tinctoria","L.","284563","species","https://powo.science.kew.org/taxon/urn:lsid:ipni.org:names:744208-1","","Rubiaceae",1,"1","wcvp","","79",true,true
"80","Spiraea alba Du Roi var. latifolia (Aiton) Dippel","1","1663755","Spiraea alba var. latifolia","1","variety","(Aiton) Dippel","(Aiton) Dippel","1","(Aiton) Dippel","Rosaceae","Spiraea","Spiraea","1","alba","alba","1","","","","var.","latifolia","1","","","","","","https://powo.science.kew.org/taxon/urn:lsid:ipni.org:names:77111154-1","","Y","Accepted","Spiraea alba var. latifolia","Spiraea alba","(Aiton) Dippel","1663755","variety","https://powo.science.kew.org/taxon/urn:lsid:ipni.org:names:77111154-1","","Rosaceae",1,"1","wcvp","","80",true,true
"81","Toxicodendron vernix (L.) Kuntze","1","1635587","Toxicodendron vernix","1","species","(L.) Kuntze","(L.) Kuntze","1","(L.) Kuntze","Anacardiaceae","Toxicodendron","Toxicodendron","1","vernix","vernix","1","","","","","","","","","","","","https://powo.science.kew.org/taxon/urn:lsid:ipni.org:names:255798-2","","Y","Accepted","Toxicodendron vernix","Toxicodendron vernix","(L.) Kuntze","1635587","species","https://powo.science.kew.org/taxon/urn:lsid:ipni.org:names:255798-2","","Anacardiaceae",1,"1","wcvp","","81",true,true
"82","Rhamnus cathartica L.","1","454245","Rhamnus cathartica","1","species","L.","L.","1","L.","Rhamnaceae","Rhamnus","Rhamnus","1","cathartica","cathartica","1","","","","","","","","","","","","https://powo.science.kew.org/taxon/urn:lsid:ipni.org:names:718256-1","","Y","Accepted","Rhamnus cathartica","Rhamnus cathartica","L.","454245","species","https://powo.science.kew.org/taxon/urn:lsid:ipni.org:names:718256-1","","Rhamnaceae",1,"1","wcvp","","82",true,true
"83","Phragmites australis (Cav.) Trin. ex Steud. ssp. australis","1","1082814","Phragmites australis subsp. australis","1","subspecies","","","","","Poaceae","Phragmites","Phragmites","1","australis","australis","1","","","","subsp.","australis","1","","","","","","https://powo.science.kew.org/taxon/urn:lsid:ipni.org:names:77172833-1","","Y","Accepted","Phragmites australis subsp. australis","Phragmites australis","","1082814","subspecies","https://powo.science.kew.org/taxon/urn:lsid:ipni.org:names:77172833-1","","Poaceae",1,"1","wcvp","","83",true,true
"84","Carex atlantica L.H. Bailey","1","339566","Carex atlantica","1","species","L.H. Bailey","L.H.Bailey","1","L.H.Bailey","Cyperaceae","Carex","Carex","1","atlantica","atlantica","1","","","","","","","","","","","","https://powo.science.kew.org/taxon/urn:lsid:ipni.org:names:45794-2","","Y","Accepted","Carex atlantica","Carex atlantica","L.H.Bailey","339566","species","https://powo.science.kew.org/taxon/urn:lsid:ipni.org:names:45794-2","","Cyperaceae",1,"1","wcvp","","84",true,true
"85","Frangula alnus Mill.","1","684339","Frangula alnus","1","species","Mill.","Mill.","1","Mill.","Rhamnaceae","Frangula","Frangula","1","alnus","alnus","1","","","","","","","","","","","","https://powo.science.kew.org/taxon/urn:lsid:ipni.org:names:717344-1","","Y","Accepted","Frangula alnus","Frangula alnus","Mill.","684339","species","https://powo.science.kew.org/taxon/urn:lsid:ipni.org:names:717344-1","","Rhamnaceae",1,"1","wcvp","","85",true,true
"86","Lysimachia terrestris (L.) Britton  Sterns & Poggenb.","0.99008","1576448","Lysimachia terrestris","1","species","(L.) Britton Sterns & Poggenb.","(L.) Britton, Sterns & Poggenb.","0.9504","(L.) Britton, Sterns & Poggenb.","Primulaceae","Lysimachia","Lysimachia","1","terrestris","terrestris","1","","","","","","","","","","","","https://powo.science.kew.org/taxon/urn:lsid:ipni.org:names:148158-2","","Y","Accepted","Lysimachia terrestris","Lysimachia terrestris","(L.) Britton, Sterns & Poggenb.","1576448","species","https://powo.science.kew.org/taxon/urn:lsid:ipni.org:names:148158-2","","Primulaceae",1,"1","wcvp","","86",true,true
"87","Spiraea alba Du Roi","1","976751","Spiraea alba","1","species","Du Roi","Du Roi","1","Du Roi","Rosaceae","Spiraea","Spiraea","1","alba","alba","1","","","","","","","","","","","","https://powo.science.kew.org/taxon/urn:lsid:ipni.org:names:30043519-2","","Y","Accepted","Spiraea alba","Spiraea alba","Du Roi","976751","species","https://powo.science.kew.org/taxon/urn:lsid:ipni.org:names:30043519-2","","Rosaceae",1,"1","wcvp","","87",true,true
"88","Carya glabra (Mill.) Sweet","1","581864","Carya glabra","1","species","(Mill.) Sweet","(Mill.) Sweet","1","(Mill.) Sweet","Juglandaceae","Carya","Carya","1","glabra","glabra","1","","","","","","","","","","","","https://powo.science.kew.org/taxon/urn:lsid:ipni.org:names:30055752-2","","Y","Accepted","Carya glabra","Carya glabra","(Mill.) Sweet","581864","species","https://powo.science.kew.org/taxon/urn:lsid:ipni.org:names:30055752-2","","Juglandaceae",1,"1","wcvp","","88",true,true
"89","Uvularia sessilifolia L.","1","743394","Uvularia sessilifolia","1","species","L.","L.","1","L.","Colchicaceae","Uvularia","Uvularia","1","sessilifolia","sessilifolia","1","","","","","","","","","","","","https://powo.science.kew.org/taxon/urn:lsid:ipni.org:names:543416-1","","Y","Accepted","Uvularia sessilifolia","Uvularia sessilifolia","L.","743394","species","https://powo.science.kew.org/taxon/urn:lsid:ipni.org:names:543416-1","","Colchicaceae",1,"1","wcvp","","89",true,true
"90","Carex spp.","0.9","1396841","Carex","1","genus","","","","L.","Cyperaceae","Carex","Carex","1","","","","","","","","","","","","","","spp.","https://powo.science.kew.org/taxon/urn:lsid:ipni.org:names:330029-2","","Y","Accepted","Carex","","L.","1396841","genus","https://powo.science.kew.org/taxon/urn:lsid:ipni.org:names:330029-2","","Cyperaceae",1,"1","wcvp","","90",true,true
"91","Acer pensylvanicum L.","1","508435","Acer pensylvanicum","1","species","L.","L.","1","L.","Sapindaceae","Acer","Acer","1","pensylvanicum","pensylvanicum","1","","","","","","","","","","","","https://powo.science.kew.org/taxon/urn:lsid:ipni.org:names:781446-1","","Y","Accepted","Acer pensylvanicum","Acer pensylvanicum","L.","508435","species","https://powo.science.kew.org/taxon/urn:lsid:ipni.org:names:781446-1","","Sapindaceae",1,"1","wcvp","","91",true,true
"92","Corylus cornuta Marshall var. cornuta","0.96021221090168","916892","Corylus cornuta subsp. cornuta","0.96021221090168","subspecies","","","","","Betulaceae","Corylus","Corylus","1","cornuta","cornuta","1","","","","subsp.","cornuta","0.7","","","","","","https://powo.science.kew.org/taxon/urn:lsid:ipni.org:names:77168005-1","","Y","Accepted","Corylus cornuta subsp. cornuta","Corylus cornuta","","916892","subspecies","https://powo.science.kew.org/taxon/urn:lsid:ipni.org:names:77168005-1","","Betulaceae",1,"1","wcvp","","92",true,true
"93","Viburnum acerifolium L.","1","1273298","Viburnum acerifolium","1","species","L.","L.","1","L.","Viburnaceae","Viburnum","Viburnum","1","acerifolium","acerifolium","1","","","","","","","","","","","","https://powo.science.kew.org/taxon/urn:lsid:ipni.org:names:326263-2","","Y","Accepted","Viburnum acerifolium","Viburnum acerifolium","L.","1273298","species","https://powo.science.kew.org/taxon/urn:lsid:ipni.org:names:326263-2","","Viburnaceae",1,"1","wcvp","","93",true,true
"94","Carpinus caroliniana Walter ssp. virginiana (Marshall) Furlow","1","796587","Carpinus caroliniana subsp. virginiana","1","subspecies","(Marshall) Furlow","(Marshall) Furlow","1","(Marshall) Furlow","Betulaceae","Carpinus","Carpinus","1","caroliniana","caroliniana","1","","","","subsp.","virginiana","1","","","","","","https://powo.science.kew.org/taxon/urn:lsid:ipni.org:names:274152-2","","Y","Accepted","Carpinus caroliniana subsp. virginiana","Carpinus caroliniana","(Marshall) Furlow","796587","subspecies","https://powo.science.kew.org/taxon/urn:lsid:ipni.org:names:274152-2","","Betulaceae",1,"1","wcvp","","94",true,true
"95","Carya ovata (Mill.) K. Koch","1","581926","Carya ovata","1","species","(Mill.) K. Koch","(Mill.) K.Koch","1","(Mill.) K.Koch","Juglandaceae","Carya","Carya","1","ovata","ovata","1","","","","","","","","","","","","https://powo.science.kew.org/taxon/urn:lsid:ipni.org:names:30122806-2","","Y","Accepted","Carya ovata","Carya ovata","(Mill.) K.Koch","581926","species","https://powo.science.kew.org/taxon/urn:lsid:ipni.org:names:30122806-2","","Juglandaceae",1,"1","wcvp","","95",true,true
"96","Dryopteris intermedia (Muhl. ex Willd.) A. Gray","0.89238","1092774","Dryopteris intermedia","1","species","(Muhl. ex Willd.) A. Gray","A.Gray","0.4619","A.Gray","Polypodiaceae","Dryopteris","Dryopteris","1","intermedia","intermedia","1","","","","","","","","","","","","https://powo.science.kew.org/taxon/urn:lsid:ipni.org:names:17096230-1","","Y","Accepted","Dryopteris intermedia","Dryopteris intermedia","A.Gray","1092774","species","https://powo.science.kew.org/taxon/urn:lsid:ipni.org:names:17096230-1","","Polypodiaceae",1,"1","wcvp","","96",true,true
"97","Monotropa uniflora L.","1","371073","Monotropa uniflora","1","species","L.","L.","1","L.","Ericaceae","Monotropa","Monotropa","1","uniflora","uniflora","1","","","","","","","","","","","","https://powo.science.kew.org/taxon/urn:lsid:ipni.org:names:281016-2","","Y","Accepted","Monotropa uniflora","Monotropa uniflora","L.","371073","species","https://powo.science.kew.org/taxon/urn:lsid:ipni.org:names:281016-2","","Ericaceae",1,"1","wcvp","","97",true,true
"98","Quercus velutina Lam.","1","288831","Quercus velutina","1","species","Lam.","Lam.","1","Lam.","Fagaceae","Quercus","Quercus","1","velutina","velutina","1","","","","","","","","","","","","https://powo.science.kew.org/taxon/urn:lsid:ipni.org:names:296899-1","","Y","Accepted","Quercus velutina","Quercus velutina","Lam.","288831","species","https://powo.science.kew.org/taxon/urn:lsid:ipni.org:names:296899-1","","Fagaceae",1,"1","wcvp","","98",true,true
"99","Gaylussacia baccata (Wangenh.) K. Koch","1","688151","Gaylussacia baccata","1","species","(Wangenh.) K. Koch","(Wangenh.) K.Koch","1","(Wangenh.) K.Koch","Ericaceae","Gaylussacia","Gaylussacia","1","baccata","baccata","1","","","","","","","","","","","","https://powo.science.kew.org/taxon/urn:lsid:ipni.org:names:858401-1","","Y","Accepted","Gaylussacia baccata","Gaylussacia baccata","(Wangenh.) K.Koch","688151","species","https://powo.science.kew.org/taxon/urn:lsid:ipni.org:names:858401-1","","Ericaceae",1,"1","wcvp","","99",true,true
"100","Quercus alba L.","1","284468","Quercus alba","1","species","L.","L.","1","L.","Fagaceae","Quercus","Quercus","1","alba","alba","1","","","","","","","","","","","","https://powo.science.kew.org/taxon/urn:lsid:ipni.org:names:295763-1","","Y","Accepted","Quercus alba","Quercus alba","L.","284468","species","https://powo.science.kew.org/taxon/urn:lsid:ipni.org:names:295763-1","","Fagaceae",1,"1","wcvp","","100",true,true
"101","Kalmia angustifolia L.","1","351015","Kalmia angustifolia","1","species","L.","L.","1","L.","Ericaceae","Kalmia","Kalmia","1","angustifolia","angustifolia","1","","","","","","","","","","","","https://powo.science.kew.org/taxon/urn:lsid:ipni.org:names:133210-2","","Y","Accepted","Kalmia angustifolia","Kalmia angustifolia","L.","351015","species","https://powo.science.kew.org/taxon/urn:lsid:ipni.org:names:133210-2","","Ericaceae",1,"1","wcvp","","101",true,true
"102","Lycopodium hickeyi W.H. Wagner  Beitel & Moran","0.96762","1657184","Lycopodium hickeyi","1","species","W.H. Wagner Beitel & Moran","W.H.Wagner, Beitel & R.C.Moran","0.8381","W.H.Wagner, Beitel & R.C.Moran","Lycopodiaceae","Lycopodium","Lycopodium","1","hickeyi","hickeyi","1","","","","","","","","","","","","https://powo.science.kew.org/taxon/urn:lsid:ipni.org:names:1053803-2","","Y","Accepted","Lycopodium hickeyi","Lycopodium hickeyi","W.H.Wagner, Beitel & R.C.Moran","1657184","species","https://powo.science.kew.org/taxon/urn:lsid:ipni.org:names:1053803-2","","Lycopodiaceae",1,"1","wcvp","","102",true,true
"103","Cornus amomum Mill.","1","916179","Cornus amomum","1","species","Mill.","Mill.","1","Mill.","Cornaceae","Cornus","Cornus","1","amomum","amomum","1","","","","","","","","","","","","https://powo.science.kew.org/taxon/urn:lsid:ipni.org:names:66085-2","","Y","Accepted","Cornus amomum","Cornus amomum","Mill.","916179","species","https://powo.science.kew.org/taxon/urn:lsid:ipni.org:names:66085-2","","Cornaceae",1,"1","wcvp","","103",true,true
"104","Lycopodium clavatum L.","1","1092810","Lycopodium clavatum","1","species","L.","L.","1","L.","Lycopodiaceae","Lycopodium","Lycopodium","1","clavatum","clavatum","1","","","","","","","","","","","","https://powo.science.kew.org/taxon/urn:lsid:ipni.org:names:304307-2","","Y","Accepted","Lycopodium clavatum","Lycopodium clavatum","L.","1092810","species","https://powo.science.kew.org/taxon/urn:lsid:ipni.org:names:304307-2","","Lycopodiaceae",1,"1","wcvp","","104",true,true
"105","Rubus allegheniensis Porter","1","1001792","Rubus allegheniensis","1","species","Porter","Porter","1","Porter","Rosaceae","Rubus","Rubus","1","allegheniensis","allegheniensis","1","","","","","","","","","","","","https://powo.science.kew.org/taxon/urn:lsid:ipni.org:names:298725-2","","Y","Accepted","Rubus allegheniensis","Rubus allegheniensis","Porter","1001792","species","https://powo.science.kew.org/taxon/urn:lsid:ipni.org:names:298725-2","","Rosaceae",1,"1","wcvp","","105",true,true
"106","Corylus americana Walter","1","916840","Corylus americana","1","species","Walter","Walter","1","Walter","Betulaceae","Corylus","Corylus","1","americana","americana","1","","","","","","","","","","","","https://powo.science.kew.org/taxon/urn:lsid:ipni.org:names:295439-1","","Y","Accepted","Corylus americana","Corylus americana","Walter","916840","species","https://powo.science.kew.org/taxon/urn:lsid:ipni.org:names:295439-1","","Betulaceae",1,"1","wcvp","","106",true,true
"107","Epigaea repens L.","1","661220","Epigaea repens","1","species","L.","L.","1","L.","Ericaceae","Epigaea","Epigaea","1","repens","repens","1","","","","","","","","","","","","https://powo.science.kew.org/taxon/urn:lsid:ipni.org:names:276605-2","","Y","Accepted","Epigaea repens","Epigaea repens","L.","661220","species","https://powo.science.kew.org/taxon/urn:lsid:ipni.org:names:276605-2","","Ericaceae",1,"1","wcvp","","107",true,true
"108","Castanea dentata (Marshall) Borkh.","1","1661406","Castanea dentata","1","species","(Marshall) Borkh.","(Marshall) Borkh.","1","(Marshall) Borkh.","Fagaceae","Castanea","Castanea","1","dentata","dentata","1","","","","","","","","","","","","https://powo.science.kew.org/taxon/urn:lsid:ipni.org:names:295320-1","","Y","Accepted","Castanea dentata","Castanea dentata","(Marshall) Borkh.","1661406","species","https://powo.science.kew.org/taxon/urn:lsid:ipni.org:names:295320-1","","Fagaceae",1,"1","wcvp","","108",true,true
"109","Lycopodium obscurum L.","1","1092815","Lycopodium obscurum","1","species","L.","L.","1","L.","Lycopodiaceae","Lycopodium","Lycopodium","1","obscurum","obscurum","1","","","","","","","","","","","","https://powo.science.kew.org/taxon/urn:lsid:ipni.org:names:147497-2","","Y","Accepted","Lycopodium obscurum","Lycopodium obscurum","L.","1092815","species","https://powo.science.kew.org/taxon/urn:lsid:ipni.org:names:147497-2","","Lycopodiaceae",1,"1","wcvp","","109",true,true
"110","Amelanchier stolonifera Wiegand","1","999827","Amelanchier stolonifera","1","species","Wiegand","Wiegand","1","Wiegand","Rosaceae","Amelanchier","Amelanchier","1","stolonifera","stolonifera","1","","","","","","","","","","","","https://powo.science.kew.org/taxon/urn:lsid:ipni.org:names:11250-2","","Y","Accepted","Amelanchier stolonifera","Amelanchier stolonifera","Wiegand","999827","species","https://powo.science.kew.org/taxon/urn:lsid:ipni.org:names:11250-2","","Rosaceae",1,"1","wcvp","","110",true,true
"111","Pteridium aquilinum (L.) Kuhn var. latiusculum (Desv.) Underw. ex A. Heller","1","1101994","Pteridium aquilinum var. latiusculum","1","variety","(Desv.) Underw. ex A. Heller","(Desv.) Underw. ex A.Heller","1","(Desv.) Underw. ex A.Heller","Dennstaedtiaceae","Pteridium","Pteridium","1","aquilinum","aquilinum","1","","","","var.","latiusculum","1","","","","","","https://powo.science.kew.org/taxon/urn:lsid:ipni.org:names:213792-2","","Y","Synonym","Pteridium latiusculum","Pteridium latiusculum","(Desv.) Hieron.","1651050","species","https://powo.science.kew.org/taxon/urn:lsid:ipni.org:names:213801-2","","Dennstaedtiaceae",1,"1","wcvp","","111",true,true
"112","Melampyrum lineare Desr.","0.8345","1515707","Melampyrum lineare","1","species","Desr.","Lam.","0.1725","Lam.","Orobanchaceae","Melampyrum","Melampyrum","1","lineare","lineare","1","","","","","","","","","","","","https://powo.science.kew.org/taxon/urn:lsid:ipni.org:names:805695-1","","Y","Accepted","Melampyrum lineare","Melampyrum lineare","Lam.","1515707","species","https://powo.science.kew.org/taxon/urn:lsid:ipni.org:names:805695-1","","Orobanchaceae",1,"1","wcvp","","112",true,true
"113","Cypripedium acaule Aiton","1","926651","Cypripedium acaule","1","species","Aiton","Aiton","1","Aiton","Orchidaceae","Cypripedium","Cypripedium","1","acaule","acaule","1","","","","","","","","","","","","https://powo.science.kew.org/taxon/urn:lsid:ipni.org:names:75333-2","","Y","Accepted","Cypripedium acaule","Cypripedium acaule","Aiton","926651","species","https://powo.science.kew.org/taxon/urn:lsid:ipni.org:names:75333-2","","Orchidaceae",1,"1","wcvp","","113",true,true
"114","Solidago rugosa Mill.","1","28296","Solidago rugosa","1","species","Mill.","Mill.","1","Mill.","Asteraceae","Solidago","Solidago","1","rugosa","rugosa","1","","","","","","","","","","","","https://powo.science.kew.org/taxon/urn:lsid:ipni.org:names:249846-1","","Y","Accepted","Solidago rugosa","Solidago rugosa","Mill.","28296","species","https://powo.science.kew.org/taxon/urn:lsid:ipni.org:names:249846-1","","Asteraceae",1,"1","wcvp","","114",true,true
"115","Lycopus virginicus L.","1","226651","Lycopus virginicus","1","species","L.","L.","1","L.","Lamiaceae","Lycopus","Lycopus","1","virginicus","virginicus","1","","","","","","","","","","","","https://powo.science.kew.org/taxon/urn:lsid:ipni.org:names:449692-1","","Y","Accepted","Lycopus virginicus","Lycopus virginicus","L.","226651","species","https://powo.science.kew.org/taxon/urn:lsid:ipni.org:names:449692-1","","Lamiaceae",1,"1","wcvp","","115",true,true
"116","Epilobium ciliatum Raf.","1","661518","Epilobium ciliatum","1","species","Raf.","Raf.","1","Raf.","Onagraceae","Epilobium","Epilobium","1","ciliatum","ciliatum","1","","","","","","","","","","","","https://powo.science.kew.org/taxon/urn:lsid:ipni.org:names:611725-1","","Y","Accepted","Epilobium ciliatum","Epilobium ciliatum","Raf.","661518","species","https://powo.science.kew.org/taxon/urn:lsid:ipni.org:names:611725-1","","Onagraceae",1,"1","wcvp","","116",true,true
"117","Lycopodium digitatum Dill. ex A. Braun","1","1094452","Lycopodium digitatum","1","species","Dill. ex A. Braun","Dill. ex A.Braun","1","Dill. ex A.Braun","Lycopodiaceae","Lycopodium","Lycopodium","1","digitatum","digitatum","1","","","","","","","","","","","","https://powo.science.kew.org/taxon/urn:lsid:ipni.org:names:320265-2","","Y","Accepted","Lycopodium digitatum","Lycopodium digitatum","Dill. ex A.Braun","1094452","species","https://powo.science.kew.org/taxon/urn:lsid:ipni.org:names:320265-2","","Lycopodiaceae",1,"1","wcvp","","117",true,true
"118","Symplocarpus foetidus (L.) Salisb. ex W.P.C. Barton","1","312890","Symplocarpus foetidus","1","species","(L.) Salisb. ex W.P.C. Barton","(L.) Salisb. ex W.P.C.Barton","1","(L.) Salisb. ex W.P.C.Barton","Araceae","Symplocarpus","Symplocarpus","1","foetidus","foetidus","1","","","","","","","","","","","","https://powo.science.kew.org/taxon/urn:lsid:ipni.org:names:1149384-2","","Y","Accepted","Symplocarpus foetidus","Symplocarpus foetidus","(L.) Salisb. ex W.P.C.Barton","312890","species","https://powo.science.kew.org/taxon/urn:lsid:ipni.org:names:1149384-2","","Araceae",1,"1","wcvp","","118",true,true
"119","Lindera benzoin (L.) Blume","1","1057523","Lindera benzoin","1","species","(L.) Blume","(L.) Blume","1","(L.) Blume","Lauraceae","Lindera","Lindera","1","benzoin","benzoin","1","","","","","","","","","","","","https://powo.science.kew.org/taxon/urn:lsid:ipni.org:names:140503-2","","Y","Accepted","Lindera benzoin","Lindera benzoin","(L.) Blume","1057523","species","https://powo.science.kew.org/taxon/urn:lsid:ipni.org:names:140503-2","","Lauraceae",1,"1","wcvp","","119",true,true
"120","Dichanthelium boreale (Nash) Freckmann","1","855111","Dichanthelium boreale","1","species","(Nash) Freckmann","(Nash) Freckmann","1","(Nash) Freckmann","Poaceae","Dichanthelium","Dichanthelium","1","boreale","boreale","1","","","","","","","","","","","","https://powo.science.kew.org/taxon/urn:lsid:ipni.org:names:79341-2","","Y","Accepted","Dichanthelium boreale","Dichanthelium boreale","(Nash) Freckmann","855111","species","https://powo.science.kew.org/taxon/urn:lsid:ipni.org:names:79341-2","","Poaceae",1,"1","wcvp","","120",true,true
"121","Prunus serotina Ehrh.","1","986919","Prunus serotina","1","species","Ehrh.","Ehrh.","1","Ehrh.","Rosaceae","Prunus","Prunus","1","serotina","serotina","1","","","","","","","","","","","","https://powo.science.kew.org/taxon/urn:lsid:ipni.org:names:730262-1","","Y","Accepted","Prunus serotina","Prunus serotina","Ehrh.","986919","species","https://powo.science.kew.org/taxon/urn:lsid:ipni.org:names:730262-1","","Rosaceae",1,"1","wcvp","","121",true,true
"122","Trillium undulatum Willd.","1","741601","Trillium undulatum","1","species","Willd.","Willd.","1","Willd.","Melanthiaceae","Trillium","Trillium","1","undulatum","undulatum","1","","","","","","","","","","","","https://powo.science.kew.org/taxon/urn:lsid:ipni.org:names:328444-2","","Y","Accepted","Trillium undulatum","Trillium undulatum","Willd.","741601","species","https://powo.science.kew.org/taxon/urn:lsid:ipni.org:names:328444-2","","Melanthiaceae",1,"1","wcvp","","122",true,true
"123","Kalmia latifolia L.","1","350998","Kalmia latifolia","1","species","L.","L.","1","L.","Ericaceae","Kalmia","Kalmia","1","latifolia","latifolia","1","","","","","","","","","","","","https://powo.science.kew.org/taxon/urn:lsid:ipni.org:names:279164-2","","Y","Accepted","Kalmia latifolia","Kalmia latifolia","L.","350998","species","https://powo.science.kew.org/taxon/urn:lsid:ipni.org:names:279164-2","","Ericaceae",1,"1","wcvp","","123",true,true
"124","Carex debilis Michx.","1","340815","Carex debilis","1","species","Michx.","Michx.","1","Michx.","Cyperaceae","Carex","Carex","1","debilis","debilis","1","","","","","","","","","","","","https://powo.science.kew.org/taxon/urn:lsid:ipni.org:names:30038408-2","","Y","Accepted","Carex debilis","Carex debilis","Michx.","340815","species","https://powo.science.kew.org/taxon/urn:lsid:ipni.org:names:30038408-2","","Cyperaceae",1,"1","wcvp","","124",true,true
"125","Sorbus americana Marshall","1","1005249","Sorbus americana","1","species","Marshall","Marshall","1","Marshall","Rosaceae","Sorbus","Sorbus","1","americana","americana","1","","","","","","","","","","","","https://powo.science.kew.org/taxon/urn:lsid:ipni.org:names:240773-2","","Y","Accepted","Sorbus americana","Sorbus americana","Marshall","1005249","species","https://powo.science.kew.org/taxon/urn:lsid:ipni.org:names:240773-2","","Rosaceae",1,"1","wcvp","","125",true,true
"126","Polygala paucifolia Willd.","1","1085821","Polygala paucifolia","1","species","Willd.","Willd.","1","Willd.","Polygalaceae","Polygala","Polygala","1","paucifolia","paucifolia","1","","","","","","","","","","","","https://powo.science.kew.org/taxon/urn:lsid:ipni.org:names:205729-2","","Y","Synonym","Polygaloides paucifolia","Polygaloides paucifolia","(Willd.) J.R.Abbott","1029238","species","https://powo.science.kew.org/taxon/urn:lsid:ipni.org:names:60456675-2","","Polygalaceae",1,"1","wcvp","","126",true,true
"127","Carex lucorum Willd. ex Link","0.92374","343399","Carex lucorum","1","species","Willd. ex Link","Willd.","0.6187","Willd.","Cyperaceae","Carex","Carex","1","lucorum","lucorum","1","","","","","","","","","","","","https://powo.science.kew.org/taxon/urn:lsid:ipni.org:names:300772-1","","Y","Accepted","Carex lucorum","Carex lucorum","Willd.","343399","species","https://powo.science.kew.org/taxon/urn:lsid:ipni.org:names:300772-1","","Cyperaceae",1,"1","wcvp","","127",true,true
"128","Betula populifolia Marshall","1","330751","Betula populifolia","1","species","Marshall","Marshall","1","Marshall","Betulaceae","Betula","Betula","1","populifolia","populifolia","1","","","","","","","","","","","","https://powo.science.kew.org/taxon/urn:lsid:ipni.org:names:107861-1","","Y","Accepted","Betula populifolia","Betula populifolia","Marshall","330751","species","https://powo.science.kew.org/taxon/urn:lsid:ipni.org:names:107861-1","","Betulaceae",1,"1","wcvp","","128",true,true
"129","Cardamine pensylvanica Muhl. ex Willd.","1","580447","Cardamine pensylvanica","1","species","Muhl. ex Willd.","Muhl. ex Willd.","1","Muhl. ex Willd.","Brassicaceae","Cardamine","Cardamine","1","pensylvanica","pensylvanica","1","","","","","","","","","","","","https://powo.science.kew.org/taxon/urn:lsid:ipni.org:names:280567-1","","Y","Accepted","Cardamine pensylvanica","Cardamine pensylvanica","Muhl. ex Willd.","580447","species","https://powo.science.kew.org/taxon/urn:lsid:ipni.org:names:280567-1","","Brassicaceae",1,"1","wcvp","","129",true,true
"130","Ilex mucronata (L.) Powell  Savolainen & Andrews","0.94572","1267313","Ilex mucronata","1","species","(L.) Powell Savolainen & Andrews","(L.) M.Powell, Savol. & S.Andrews","0.7286","(L.) M.Powell, Savol. & S.Andrews","Aquifoliaceae","Ilex","Ilex","1","mucronata","mucronata","1","","","","","","","","","","","","https://powo.science.kew.org/taxon/urn:lsid:ipni.org:names:1170537-2","","Y","Accepted","Ilex mucronata","Ilex mucronata","(L.) M.Powell, Savol. & S.Andrews","1267313","species","https://powo.science.kew.org/taxon/urn:lsid:ipni.org:names:1170537-2","","Aquifoliaceae",1,"1","wcvp","","130",true,true
"131","Polygonum arifolium L.","1","1086592","Polygonum arifolium","1","species","L.","L.","1","L.","Polygonaceae","Polygonum","Polygonum","1","arifolium","arifolium","1","","","","","","","","","","","","https://powo.science.kew.org/taxon/urn:lsid:ipni.org:names:206079-2","","Y","Synonym","Persicaria arifolia","Persicaria arifolia","(L.) Haraldson","1218823","species","https://powo.science.kew.org/taxon/urn:lsid:ipni.org:names:694912-1","","Polygonaceae",1,"1","wcvp","","131",true,true
"132","Panax trifolius L.","1","258781","Panax trifolius","1","species","L.","L.","1","L.","Araliaceae","Panax","Panax","1","trifolius","trifolius","1","","","","","","","","","","","","https://powo.science.kew.org/taxon/urn:lsid:ipni.org:names:281988-2","","Y","Accepted","Panax trifolius","Panax trifolius","L.","258781","species","https://powo.science.kew.org/taxon/urn:lsid:ipni.org:names:281988-2","","Araliaceae",1,"1","wcvp","","132",true,true
"133","Viola labradorica Schrank","1","1129538","Viola labradorica","1","species","Schrank","Schrank","1","Schrank","Violaceae","Viola","Viola","1","labradorica","labradorica","1","","","","","","","","","","","","https://powo.science.kew.org/taxon/urn:lsid:ipni.org:names:868477-1","","Y","Accepted","Viola labradorica","Viola labradorica","Schrank","1129538","species","https://powo.science.kew.org/taxon/urn:lsid:ipni.org:names:868477-1","","Violaceae",1,"1","wcvp","","133",true,true
"134","Prenanthes sp.","0.9","1413452","Prenanthes","1","genus","","","","L.","Asteraceae","Prenanthes","Prenanthes","1","","","","","","","","","","","","","","sp.","https://powo.science.kew.org/taxon/urn:lsid:ipni.org:names:10671-1","","Y","Accepted","Prenanthes","","L.","1413452","genus","https://powo.science.kew.org/taxon/urn:lsid:ipni.org:names:10671-1","","Asteraceae",1,"1","wcvp","","134",true,true
"135","Solidago canadensis L.","1","60237","Solidago canadensis","1","species","L.","L.","1","L.","Asteraceae","Solidago","Solidago","1","canadensis","canadensis","1","","","","","","","","","","","","https://powo.science.kew.org/taxon/urn:lsid:ipni.org:names:249454-1","","Y","Accepted","Solidago canadensis","Solidago canadensis","L.","60237","species","https://powo.science.kew.org/taxon/urn:lsid:ipni.org:names:249454-1","","Asteraceae",1,"1","wcvp","","135",true,true
"136","Tiarella cordifolia L. var. cordifolia","0.59957384396743","453245","Tiarella cordifolia","0.59957384396743","species","","","","L.","Saxifragaceae","Tiarella","Tiarella","1","cordifolia","cordifolia","1","","","","","","","","","","","var. cordifolia","https://powo.science.kew.org/taxon/urn:lsid:ipni.org:names:30175905-2","","Y","Accepted","Tiarella cordifolia","Tiarella cordifolia","L.","453245","species","https://powo.science.kew.org/taxon/urn:lsid:ipni.org:names:30175905-2","","Saxifragaceae",1,"1","wcvp","[Partial]","136",true,true
"137","Maianthemum trifolium (L.) Sloboda","1","683030","Maianthemum trifolium","1","species","(L.) Sloboda","(L.) Sloboda","1","(L.) Sloboda","Asparagaceae","Maianthemum","Maianthemum","1","trifolium","trifolium","1","","","","","","","","","","","","https://powo.science.kew.org/taxon/urn:lsid:ipni.org:names:538040-1","","Y","Accepted","Maianthemum trifolium","Maianthemum trifolium","(L.) Sloboda","683030","species","https://powo.science.kew.org/taxon/urn:lsid:ipni.org:names:538040-1","","Asparagaceae",1,"1","wcvp","","137",true,true
"138","Picea rubens Sarg.","1","476484","Picea rubens","1","species","Sarg.","Sarg.","1","Sarg.","Pinaceae","Picea","Picea","1","rubens","rubens","1","","","","","","","","","","","","https://powo.science.kew.org/taxon/urn:lsid:ipni.org:names:195909-2","","Y","Accepted","Picea rubens","Picea rubens","Sarg.","476484","species","https://powo.science.kew.org/taxon/urn:lsid:ipni.org:names:195909-2","","Pinaceae",1,"1","wcvp","","138",true,true
"139","Amphicarpaea bracteata (L.) Fernald","1","167467","Amphicarpaea bracteata","1","species","(L.) Fernald","(L.) Fernald","1","(L.) Fernald","Fabaceae","Amphicarpaea","Amphicarpaea","1","bracteata","bracteata","1","","","","","","","","","","","","https://powo.science.kew.org/taxon/urn:lsid:ipni.org:names:11520-2","","Y","Accepted","Amphicarpaea bracteata","Amphicarpaea bracteata","(L.) Fernald","167467","species","https://powo.science.kew.org/taxon/urn:lsid:ipni.org:names:11520-2","","Fabaceae",1,"1","wcvp","","139",true,true
"140","Poa alsodes A. Gray","1","883167","Poa alsodes","1","species","A. Gray","A.Gray","1","A.Gray","Poaceae","Poa","Poa","1","alsodes","alsodes","1","","","","","","","","","","","","https://powo.science.kew.org/taxon/urn:lsid:ipni.org:names:416462-1","","Y","Accepted","Poa alsodes","Poa alsodes","A.Gray","883167","species","https://powo.science.kew.org/taxon/urn:lsid:ipni.org:names:416462-1","","Poaceae",1,"1","wcvp","","140",true,true
"141","Clintonia borealis (Aiton) Raf.","1","755731","Clintonia borealis","1","species","(Aiton) Raf.","(Aiton) Raf.","1","(Aiton) Raf.","Liliaceae","Clintonia","Clintonia","1","borealis","borealis","1","","","","","","","","","","","","https://powo.science.kew.org/taxon/urn:lsid:ipni.org:names:30082120-2","","Y","Accepted","Clintonia borealis","Clintonia borealis","(Aiton) Raf.","755731","species","https://powo.science.kew.org/taxon/urn:lsid:ipni.org:names:30082120-2","","Liliaceae",1,"1","wcvp","","141",true,true
"142","Pinus resinosa Aiton","1","475678","Pinus resinosa","1","species","Aiton","Aiton","1","Aiton","Pinaceae","Pinus","Pinus","1","resinosa","resinosa","1","","","","","","","","","","","","https://powo.science.kew.org/taxon/urn:lsid:ipni.org:names:263261-1","","Y","Accepted","Pinus resinosa","Pinus resinosa","Aiton","475678","species","https://powo.science.kew.org/taxon/urn:lsid:ipni.org:names:263261-1","","Pinaceae",1,"1","wcvp","","142",true,true
"143","Veronica officinalis L. var. officinalis","0.59957384396743","420292","Veronica officinalis","0.59957384396743","species","","","","L.","Plantaginaceae","Veronica","Veronica","1","officinalis","officinalis","1","","","","","","","","","","","var. officinalis","https://powo.science.kew.org/taxon/urn:lsid:ipni.org:names:812402-1","","Y","Accepted","Veronica officinalis","Veronica officinalis","L.","420292","species","https://powo.science.kew.org/taxon/urn:lsid:ipni.org:names:812402-1","","Plantaginaceae",1,"1","wcvp","[Partial]","143",true,true
"144","Berberis thunbergii DC.","1","557260","Berberis thunbergii","1","species","DC.","DC.","1","DC.","Berberidaceae","Berberis","Berberis","1","thunbergii","thunbergii","1","","","","","","","","","","","","https://powo.science.kew.org/taxon/urn:lsid:ipni.org:names:107136-1","","Y","Accepted","Berberis thunbergii","Berberis thunbergii","DC.","557260","species","https://powo.science.kew.org/taxon/urn:lsid:ipni.org:names:107136-1","","Berberidaceae",1,"1","wcvp","","144",true,true
"145","Oryzopsis asperifolia Michx.","1","874195","Oryzopsis asperifolia","1","species","Michx.","Michx.","1","Michx.","Poaceae","Oryzopsis","Oryzopsis","1","asperifolia","asperifolia","1","","","","","","","","","","","","https://powo.science.kew.org/taxon/urn:lsid:ipni.org:names:325232-2","","Y","Accepted","Oryzopsis asperifolia","Oryzopsis asperifolia","Michx.","874195","species","https://powo.science.kew.org/taxon/urn:lsid:ipni.org:names:325232-2","","Poaceae",1,"1","wcvp","","145",true,true
"146","Polygonatum pubescens (Willd.) Pursh","1","708368","Polygonatum pubescens","1","species","(Willd.) Pursh","(Willd.) Pursh","1","(Willd.) Pursh","Asparagaceae","Polygonatum","Polygonatum","1","pubescens","pubescens","1","","","","","","","","","","","","https://powo.science.kew.org/taxon/urn:lsid:ipni.org:names:540213-1","","Y","Accepted","Polygonatum pubescens","Polygonatum pubescens","(Willd.) Pursh","708368","species","https://powo.science.kew.org/taxon/urn:lsid:ipni.org:names:540213-1","","Asparagaceae",1,"1","wcvp","","146",true,true
"147","Dichanthelium clandestinum (L.) Gould","1","855120","Dichanthelium clandestinum","1","species","(L.) Gould","(L.) Gould","1","(L.) Gould","Poaceae","Dichanthelium","Dichanthelium","1","clandestinum","clandestinum","1","","","","","","","","","","","","https://powo.science.kew.org/taxon/urn:lsid:ipni.org:names:79344-2","","Y","Accepted","Dichanthelium clandestinum","Dichanthelium clandestinum","(L.) Gould","855120","species","https://powo.science.kew.org/taxon/urn:lsid:ipni.org:names:79344-2","","Poaceae",1,"1","wcvp","","147",true,true
"148","Lysimachia punctata L.","1","436481","Lysimachia punctata","1","species","L.","L.","1","L.","Primulaceae","Lysimachia","Lysimachia","1","punctata","punctata","1","","","","","","","","","","","","https://powo.science.kew.org/taxon/urn:lsid:ipni.org:names:701308-1","","Y","Accepted","Lysimachia punctata","Lysimachia punctata","L.","436481","species","https://powo.science.kew.org/taxon/urn:lsid:ipni.org:names:701308-1","","Primulaceae",1,"1","wcvp","","148",true,true
"149","Carex swanii (Fernald) Mack.","1","346676","Carex swanii","1","species","(Fernald) Mack.","(Fernald) Mack.","1","(Fernald) Mack.","Cyperaceae","Carex","Carex","1","swanii","swanii","1","","","","","","","","","","","","https://powo.science.kew.org/taxon/urn:lsid:ipni.org:names:47246-2","","Y","Accepted","Carex swanii","Carex swanii","(Fernald) Mack.","346676","species","https://powo.science.kew.org/taxon/urn:lsid:ipni.org:names:47246-2","","Cyperaceae",1,"1","wcvp","","149",true,true
"150","Deparia acrostichoides (Sw.) M. Kato","1","1099788","Deparia acrostichoides","1","species","(Sw.) M. Kato","(Sw.) M.Kato","1","(Sw.) M.Kato","Aspleniaceae","Deparia","Deparia","1","acrostichoides","acrostichoides","1","","","","","","","","","","","","https://powo.science.kew.org/taxon/urn:lsid:ipni.org:names:77978-2","","Y","Accepted","Deparia acrostichoides","Deparia acrostichoides","(Sw.) M.Kato","1099788","species","https://powo.science.kew.org/taxon/urn:lsid:ipni.org:names:77978-2","","Aspleniaceae",1,"1","wcvp","","150",true,true